artist_name,avg_popularity,avg_duration_sec,avg_danceability,avg_energy,avg_loudness,avg_speechiness,avg_acousticness,avg_liveness,avg_valence,avg_tempo
Harry Styles,76.41176470588235,2300.2123529411765,0.5326470588235293,0.5651764705882354,-6.648117647058823,0.034382352941176475,0.31138076470588233,0.1549058823529412,0.4073705882352941,112.48752941176473
Bad Bunny,74.21052631578948,1931.1050877192984,0.7462631578947367,0.6548947368421049,-6.20101754385965,0.11043684210526318,0.21751929824561403,0.15144035087719293,0.4884526315789473,122.59891228070174
Billie Eilish,73.92857142857143,1839.4764285714286,0.5837857142857145,0.2817214285714286,-15.08507142857143,0.19308571428571428,0.6568571428571428,0.23930714285714288,0.28800714285714285,105.49428571428571
Juice WRLD,72.47457627118644,1755.6315254237288,0.6422203389830506,0.618593220338983,-6.842966101694915,0.14287966101694913,0.24300467796610162,0.22514067796610168,0.40443050847457623,134.8959661016949
Post Malone,71.6304347826087,2076.310652173913,0.6214782608695654,0.6176956521739132,-5.666521739130435,0.07880652173913043,0.32166739130434796,0.13867608695652175,0.3582391304347825,125.60132608695649
Polo G,68.74074074074075,1767.0003703703705,0.7303703703703703,0.6033703703703702,-7.886740740740741,0.354,0.11147629629629628,0.10982962962962964,0.3813703703703704,125.4794814814815
One Direction,67.70930232558139,2039.348488372093,0.5839883720930231,0.7583953488372093,-4.732499999999999,0.04826279069767442,0.11180994999999998,0.17538255813953488,0.5529302325581394,127.38163953488367
Conan Gray,67.41666666666667,1677.7558333333334,0.5335833333333333,0.5430833333333334,-6.838250000000001,0.07070833333333333,0.37775166666666665,0.19990833333333335,0.5039166666666667,114.71891666666666
Travis Scott,67.26086956521739,2396.6582608695653,0.6518043478260871,0.624,-5.135608695652175,0.09318043478260873,0.14363302173913045,0.20546086956521736,0.28986086956521734,127.30484782608691
The Weeknd,65.97674418604652,2326.0493023255813,0.5728837209302324,0.5993720930232557,-7.359813953488372,0.08017906976744187,0.22686372093023255,0.16829767441860466,0.32996511627906977,123.41160465116278
Anuel AA,65.19565217391305,2268.689565217391,0.7363260869565219,0.6739347826086958,-4.804543478260869,0.10840434782608696,0.3925065217391305,0.14358695652173914,0.5818695652173913,126.59734782608696
Lil Tjay,65.0,1946.9586956521737,0.6490869565217391,0.5670000000000001,-8.259869565217393,0.21253043478260872,0.24679565217391303,0.1429521739130435,0.4184652173913043,123.60630434782607
Morgan Wallen,64.69565217391305,1961.3421739130436,0.5684347826086956,0.7400869565217394,-5.2384130434782605,0.03488260869565217,0.3506086956521739,0.14381521739130435,0.5952391304347826,130.23052173913047
Lil Peep,64.51724137931035,1849.828448275862,0.584844827586207,0.624310344827586,-6.914758620689654,0.06608793103448275,0.09114425689655174,0.17602586206896553,0.31652241379310353,125.34118965517243
SZA,63.25,2246.8070833333336,0.5975,0.5425416666666668,-7.542249999999999,0.15084166666666665,0.3527816666666667,0.16527916666666667,0.34365833333333334,110.89800000000002
NF,62.702127659574465,2372.026595744681,0.6369787234042553,0.686455319148936,-6.714127659574467,0.2062382978723404,0.30531631914893614,0.15602765957446807,0.31331489361702125,121.74917021276596
Frank Ocean,62.36666666666667,2029.684,0.511,0.44980000000000003,-10.720699999999997,0.17498,0.5662433333333332,0.24812666666666672,0.4236966666666666,110.39913333333334
Kali Uchis,62.25714285714286,1800.2242857142858,0.6478571428571429,0.5525142857142857,-7.510514285714286,0.06675999999999999,0.3006957142857143,0.18420571428571433,0.5003657142857143,116.14934285714287
iann dior,60.06666666666667,1469.132,0.6975666666666667,0.5840666666666667,-6.992366666666667,0.07521666666666665,0.2732873333333333,0.13723333333333337,0.4589766666666667,120.3245
Kanye West,60.03921568627451,2091.4950980392155,0.6093725490196078,0.5826666666666668,-5.791019607843137,0.24523725490196085,0.3125597647058823,0.23718431372549018,0.38702156862745085,120.15880392156869
BTS,59.910714285714285,2243.155357142857,0.6288392857142855,0.715714285714286,-5.866535714285713,0.1285160714285714,0.14224805357142858,0.1652946428571429,0.4929392857142857,124.41660714285713
$NOT,59.869565217391305,1449.7708695652173,0.7346086956521739,0.5324347826086956,-8.540521739130435,0.27682173913043473,0.29628260869565215,0.16496956521739128,0.4336217391304346,110.74691304347824
Niall Horan,59.81818181818182,2102.9827272727275,0.5362424242424242,0.5652727272727273,-6.697242424242422,0.03553333333333335,0.2104606060606061,0.14116060606060607,0.4725151515151516,128.6049090909091
King Von,59.65,1653.02025,0.8272749999999999,0.6145249999999999,-7.238499999999999,0.2889999999999999,0.079195,0.13649000000000003,0.35952500000000004,143.798875
Brent Faiyaz,59.55,1842.402,0.5767499999999999,0.4027,-10.27125,0.13648,0.56534,0.20521500000000006,0.42978999999999995,112.92815
Ozuna,59.05714285714286,2089.6041428571425,0.742542857142857,0.7026857142857145,-5.0361142857142855,0.09741714285714288,0.23062857142857146,0.16403,0.6365142857142856,128.33365714285713
Lil Skies,58.666666666666664,1830.4841666666666,0.7118888888888888,0.6914166666666667,-6.442111111111111,0.14095,0.15134472222222223,0.14723333333333333,0.4991388888888888,137.9837777777778
Machine Gun Kelly,58.56896551724138,1704.210172413793,0.6405000000000003,0.6627241379310346,-6.4190172413793105,0.1365586206896552,0.11710732241379312,0.19638103448275857,0.3622724137931033,125.11810344827582
Pooh Shiesty,58.45454545454545,1792.0945454545456,0.7596818181818182,0.5030454545454547,-8.798363636363637,0.2654045454545455,0.08597772727272728,0.1904909090909091,0.4403181818181818,134.79413636363634
Roddy Ricch,58.375,1685.33625,0.7990416666666667,0.5684166666666668,-8.018333333333333,0.27723749999999997,0.14893333333333336,0.19180416666666666,0.36587499999999995,124.73145833333331
Luke Combs,58.075,2111.6102499999997,0.533125,0.7371,-5.594925,0.0417725,0.15677925,0.20064500000000002,0.5428500000000002,123.76815000000002
Daniel Caesar,57.74074074074074,2497.748148148148,0.48559259259259263,0.39118518518518514,-10.862074074074073,0.07045555555555555,0.6256444444444446,0.2100888888888889,0.2936962962962962,100.3522222222222
Lil Uzi Vert,57.62,2031.7807999999998,0.7574600000000001,0.6507400000000001,-5.893479999999999,0.2388140000000001,0.15931204000000002,0.22722399999999998,0.4728219999999998,131.09734
Playboi Carti,57.567567567567565,1800.603108108108,0.7453108108108109,0.6326891891891889,-6.261135135135134,0.197795945945946,0.11600572972972968,0.23788108108108105,0.3988743243243244,134.4286081081081
Ariana Grande,57.55172413793103,1785.7744827586205,0.6214712643678161,0.6159080459770114,-6.167252873563221,0.0942609195402299,0.2221601609195402,0.3640724137931034,0.3961126436781609,112.48691954022985
Bring Me The Horizon,57.54385964912281,2878.4084210526316,0.4340701754385964,0.8268245614035087,-4.912789473684211,0.11336491228070174,0.08981058421052635,0.271919298245614,0.2851315789473685,133.6565087719298
J. Cole,57.44444444444444,2797.693111111111,0.6544888888888889,0.5634444444444444,-8.853288888888889,0.3139422222222222,0.30054666666666674,0.31647111111111104,0.3475488888888889,113.08484444444444
Taylor Swift,56.88235294117647,2397.4821568627453,0.5432352941176469,0.4136274509803923,-10.340901960784313,0.04444901960784315,0.7900196078431372,0.12166078431372551,0.36962745098039224,117.63480392156865
YoungBoy Never Broke Again,56.8235294117647,1683.4731764705884,0.6870823529411766,0.6821176470588238,-5.697341176470589,0.28530588235294113,0.2286074117647058,0.1702576470588235,0.5596235294117645,126.4482823529412
Offset,55.625,2119.313125,0.8638750000000001,0.5340625000000001,-7.675375000000001,0.17996875,0.29993125,0.12826875000000001,0.3194375,118.09187499999999
Lil Durk,55.32608695652174,1565.0276086956521,0.7071956521739132,0.6088260869565217,-7.534108695652174,0.28733478260869555,0.12395586956521736,0.1499869565217391,0.3788978260869564,127.61573913043476
Ski Mask The Slump God,55.30555555555556,1448.3186111111113,0.8118611111111113,0.5803055555555557,-7.390750000000001,0.25117500000000004,0.1860941666666666,0.23086944444444452,0.5531305555555556,130.5195277777778
DaBaby,55.23529411764706,1503.8698529411765,0.8180294117647057,0.6586029411764708,-5.9784264705882375,0.29080735294117643,0.07908573529411767,0.18458676470588234,0.6418382352941174,130.96217647058825
Mac Miller,55.197916666666664,2470.8382291666667,0.6098958333333332,0.5991937500000001,-7.790781250000003,0.19218333333333334,0.3560195833333333,0.25338541666666664,0.39442499999999986,120.35221875
Katy Perry,55.10526315789474,2329.711754385965,0.640842105263158,0.6892982456140352,-5.808210526315789,0.06095438596491228,0.14228638596491236,0.15339298245614036,0.48676140350877206,126.59149122807018
Rex Orange County,54.916666666666664,2263.961111111111,0.5164166666666667,0.4409333333333332,-10.69361111111111,0.07624444444444445,0.5941638888888889,0.3196333333333334,0.3049444444444444,121.29849999999998
Flo Milli,54.27272727272727,1495.340909090909,0.8645454545454545,0.7286363636363636,-4.745272727272726,0.27381818181818185,0.17452727272727273,0.1357909090909091,0.7244545454545454,118.68718181818184
TOMORROW X TOGETHER,54.25,1976.150625,0.6539375,0.710125,-5.690375,0.06739375,0.16469674999999998,0.1672875,0.5538124999999999,119.94174999999997
KAROL G,53.851851851851855,1923.0425925925927,0.7463333333333333,0.6948148148148148,-5.284592592592592,0.10525185185185183,0.23562481481481487,0.1612888888888889,0.5962222222222223,122.26137037037039
XXXTENTACION,53.8018018018018,1317.7966666666666,0.6921441441441438,0.4422597297297299,-9.339243243243242,0.19118558558558563,0.42592768198198205,0.16658288288288292,0.3937036036036036,118.55065765765764
Drake,53.65486725663717,2325.764424778761,0.6691061946902658,0.5507681415929203,-7.9065929203539875,0.20877699115044243,0.25708984955752223,0.21045663716814153,0.35675486725663696,120.24290265486727
blackbear,53.63513513513514,1903.0209459459459,0.6974729729729731,0.5551621621621623,-7.4116621621621634,0.11689594594594595,0.20727351351351353,0.17775945945945945,0.523841891891892,116.59021621621623
Maluma,53.473684210526315,1988.8924210526318,0.7255789473684211,0.7220631578947371,-4.520221052631579,0.13834210526315796,0.3024393684210527,0.19522947368421054,0.7308000000000001,122.3963684210526
Myke Towers,53.370370370370374,2071.961111111111,0.7133703703703703,0.6942962962962963,-5.47437037037037,0.2152592592592593,0.27484629629629637,0.14233703703703704,0.45961851851851854,122.67888888888886
Sleepy Hallow,53.333333333333336,1420.5704166666665,0.7975833333333334,0.5159166666666668,-7.489624999999999,0.3340083333333334,0.6252916666666669,0.13851249999999998,0.6856666666666663,125.02249999999998
Bon Iver,53.292682926829265,2150.8960975609752,0.46573170731707325,0.2964341463414634,-14.27836585365854,0.07249268292682927,0.8701463414634149,0.17810487804878047,0.2507317073170732,112.23046341463413
Logic,53.22,2374.9123999999997,0.7347599999999999,0.73358,-5.980899999999999,0.164838,0.17440260000000002,0.175642,0.5469340000000001,131.67074
H.E.R.,53.1764705882353,2094.9488235294116,0.525764705882353,0.4470588235294118,-10.00835294117647,0.14042647058823524,0.4648738235294117,0.1426764705882353,0.3029823529411764,106.58158823529413
Arctic Monkeys,52.95384615384615,2294.6155384615386,0.4386153846153846,0.763553846153846,-6.773846153846154,0.07619538461538464,0.0970389230769231,0.35729999999999984,0.5055646153846155,116.69727692307697
Lil Baby,52.707317073170735,1846.1493902439024,0.7519390243902441,0.5564024390243901,-7.164853658536589,0.2702926829268292,0.07890181707317076,0.153359756097561,0.3602231707317073,126.27579268292688
The Neighbourhood,52.49180327868852,2153.126393442623,0.5295737704918034,0.6374918032786885,-8.09806557377049,0.08289508196721311,0.18984492622950822,0.24395901639344264,0.3648901639344262,117.81708196721314
$uicideboy$,52.46788990825688,1408.6136697247705,0.7462385321100915,0.6313302752293579,-6.894119266055047,0.1413036697247706,0.1423964220183486,0.21727798165137624,0.30115779816513766,121.00274311926601
Metro Boomin,52.42307692307692,2019.4107692307693,0.7060769230769229,0.37194615384615387,-10.989269230769228,0.16016538461538465,0.33579538461538466,0.16221153846153843,0.3144538461538462,120.00238461538461
Pop Smoke,52.1551724137931,1776.3641379310345,0.7042586206896553,0.6726206896551724,-6.051862068965517,0.22453275862068955,0.22393017241379312,0.20828793103448276,0.5145172413793104,130.5567931034482
YNW Melly,52.09756097560975,2098.5243902439024,0.7271463414634146,0.5537073170731707,-8.108170731707316,0.19631219512195122,0.17955365853658534,0.1793560975609756,0.4807317073170732,132.82751219512193
Jack Harlow,52.09375,1786.871875,0.800734375,0.585578125,-7.293062500000001,0.18776874999999998,0.14561708437499998,0.1449046875,0.5265203125000002,117.93726562499998
Gunna,52.05882352941177,1754.8601470588235,0.8278088235294117,0.5217794117647059,-8.779338235294116,0.25986911764705883,0.17523750000000002,0.14132941176470593,0.43542352941176476,130.4023088235294
Quinn XCII,51.924528301886795,1957.766037735849,0.7157169811320755,0.5510754716981132,-7.3834716981132065,0.10574528301886796,0.2598798113207547,0.14941320754716977,0.5481622641509433,118.65449056603774
Joji,51.88235294117647,1952.1554901960783,0.6057843137254901,0.5118823529411767,-9.150745098039215,0.06912941176470588,0.5659621568627452,0.1575352941176471,0.32377843137254897,122.57086274509798
A Boogie Wit da Hoodie,51.87323943661972,1862.7485915492957,0.6895492957746479,0.5925774647887326,-6.74787323943662,0.23263239436619707,0.2818701408450705,0.13104647887323942,0.44570563380281697,122.75892957746478
Tory Lanez,51.78888888888889,2092.845222222222,0.6165111111111111,0.6324555555555557,-7.686255555555554,0.2812411111111111,0.20067972222222222,0.19188222222222223,0.45617888888888897,120.49280000000003
Junior H,51.72463768115942,2313.8133333333335,0.592217391304348,0.5810724637681158,-7.243797101449276,0.041217391304347824,0.3355840579710145,0.16605362318840589,0.5716811594202896,117.1547246376812
Jeremy Zucker,51.45,1814.606,0.5990999999999999,0.3269,-11.780799999999997,0.11829,0.6320400000000002,0.191615,0.44567000000000007,109.98935000000002
Sam Hunt,51.416666666666664,1999.1372222222221,0.5936666666666668,0.6329722222222224,-6.408027777777778,0.06923611111111112,0.40816083333333336,0.17703055555555547,0.5380277777777778,112.1944722222222
JAY-Z,51.32432432432432,2306.23,0.6279999999999999,0.7221621621621621,-6.231810810810811,0.2438189189189189,0.1666272972972973,0.27467027027027024,0.4699756756756758,117.32997297297297
Don Toliver,51.21212121212121,2068.9742424242427,0.7102727272727273,0.6100000000000001,-6.74790909090909,0.1031939393939394,0.2936345454545455,0.22897878787878795,0.42434242424242424,130.54651515151514
Kane Brown,50.81481481481482,1979.2196296296295,0.5816296296296298,0.7391851851851853,-5.52162962962963,0.04126666666666666,0.17181370370370372,0.14674074074074075,0.5408888888888889,124.51733333333335
Justin Bieber,50.782051282051285,2104.464615384615,0.6114615384615384,0.5707179487179486,-6.988910256410258,0.07727564102564104,0.32882741025641,0.17142435897435898,0.5369538461538463,119.87200000000004
Cardi B,50.68571428571428,1841.1891428571428,0.7642285714285714,0.5643142857142857,-8.460885714285714,0.3361085714285715,0.2303932742857143,0.1994971428571429,0.4591999999999999,123.54891428571428
Future,50.61702127659574,1935.6982978723404,0.7825,0.588308510638298,-6.873329787234043,0.2371659574468085,0.10742621063829788,0.1815691489361702,0.4136404255319151,135.30203191489366
Big Sean,50.40350877192982,2218.9843859649122,0.6409649122807017,0.6386491228070174,-7.119877192982457,0.2523245614035087,0.2846829824561403,0.2340070175438596,0.3819298245614036,112.6312807017544
Falling In Reverse,49.57142857142857,2367.3985714285714,0.4420612244897959,0.9319183673469386,-3.2383877551020412,0.14144693877551023,0.028165010204081638,0.2542591836734695,0.435026530612245,140.5900408163265
Solfeggio Healing Frequencies MT,49.55555555555556,1335.4611111111112,0.1782,0.12915555555555555,-26.909555555555556,0.045488888888888884,0.912888888888889,0.11144444444444446,0.04961111111111111,111.96822222222221
Trippie Redd,49.3394495412844,1684.8715596330276,0.622,0.5817568807339448,-8.13604587155963,0.11355779816513764,0.23420206422018353,0.24187064220183485,0.355280733944954,125.15614678899075
PARTYNEXTDOOR,49.285714285714285,2219.281746031746,0.6034126984126982,0.5337301587301587,-7.80306349206349,0.07899841269841268,0.19684730158730154,0.1495,0.3072063492063491,117.5582063492063
Kehlani,49.1875,1894.07875,0.5595416666666667,0.6089166666666667,-5.8044583333333355,0.1776354166666667,0.3257375,0.19527916666666667,0.4571729166666667,116.64297916666673
Rauw Alejandro,48.975,2073.437,0.7024750000000001,0.6938749999999999,-3.859325000000001,0.1655175,0.32352499999999995,0.2001175,0.5166000000000002,128.92292499999996
Rod Wave,48.81578947368421,1681.9386842105264,0.6980526315789474,0.5576315789473684,-9.47744736842105,0.20243947368421056,0.24765157894736833,0.11631315789473684,0.5107631578947368,118.20726315789474
Hozier,48.76923076923077,2488.6958974358977,0.4727435897435895,0.5289538461538462,-7.402871794871796,0.04740512820512821,0.4663305128205128,0.2383487179487179,0.386253846153846,118.9133846153846
Jhené Aiko,48.5,2158.13515625,0.496921875,0.45097968749999984,-10.279953124999999,0.13911406249999994,0.5192907500000001,0.17061406250000008,0.34533125,115.70521875000004
Marshmello,48.30769230769231,1888.8903846153846,0.6113076923076923,0.8828076923076924,-3.3755769230769235,0.08119230769230769,0.012937423076923082,0.29184615384615387,0.44962307692307696,132.81630769230767
Foo Fighters,47.99152542372882,2492.1007627118643,0.4719152542372884,0.7022398305084746,-7.8028559322033875,0.10877457627118653,0.14291113161016952,0.3203949152542374,0.42459322033898333,129.94421186440675
Shawn Mendes,47.78313253012048,2244.297469879518,0.5139518072289154,0.5501807228915664,-7.280771084337347,0.07081927710843373,0.34800012048192774,0.33571566265060243,0.4309373493975905,119.18107228915655
Lofi Fruits Music,47.71875,1324.5965625,0.59328125,0.264628125,-16.438500000000005,0.060121875,0.6851615625000002,0.12026562500000003,0.24643749999999995,116.54424999999999
Glass Animals,47.702127659574465,2115.973617021277,0.5977446808510638,0.4498808510638296,-11.226425531914895,0.07644255319148936,0.3938137659574468,0.18219574468085112,0.37542340425531917,115.00363829787231
Lady Gaga,47.69387755102041,1987.1889795918366,0.5800816326530611,0.5612448979591839,-6.887183673469387,0.04761836734693876,0.30895244897959184,0.2618979591836735,0.3901428571428572,114.83187755102038
Miley Cyrus,47.67777777777778,2264.2292222222222,0.5773555555555556,0.6584544444444445,-5.940022222222221,0.05565555555555556,0.1446014677777778,0.22719111111111107,0.4134111111111112,123.1490111111111
Megan Thee Stallion,47.54794520547945,1831.2576712328766,0.8185068493150687,0.6710547945205478,-6.758465753424659,0.25918082191780817,0.07639549315068492,0.20781095890410958,0.5385068493150685,130.87908219178087
21 Savage,47.45161290322581,2216.2090322580643,0.8133225806451612,0.5144999999999998,-8.445467741935484,0.30089354838709664,0.11547504838709681,0.22755161290322587,0.3367725806451612,131.63937096774197
Chance the Rapper,47.42666666666667,2202.3404,0.6570400000000001,0.5383066666666665,-8.194493333333336,0.2914199999999999,0.3113649066666667,0.20746666666666672,0.48134666666666664,117.78787999999999
Red Hot Chili Peppers,47.413223140495866,2710.574380165289,0.5296280991735538,0.7948760330578515,-5.315206611570247,0.07403801652892564,0.07950547520661158,0.1754330578512397,0.4983958677685952,118.61027272727269
Zach Williams,47.25,2205.685,0.5121,0.6400499999999999,-6.186949999999999,0.035675,0.24494149999999998,0.190845,0.3061600000000001,130.21895
Kid Cudi,47.041666666666664,2268.9425,0.5660833333333334,0.6144305555555553,-7.970805555555554,0.07956249999999997,0.3362995694444444,0.2100763888888889,0.3651069444444445,131.20270833333333
Mumford & Sons,46.48148148148148,2567.9633333333336,0.47481481481481497,0.5564444444444443,-9.061148148148147,0.04609629629629629,0.253555037037037,0.11054814814814816,0.25640740740740736,137.22029629629628
Imagine Dragons,46.40298507462686,2261.9444776119403,0.528865671641791,0.7079999999999996,-6.400179104477611,0.053285074626865665,0.1137995074626866,0.18315373134328358,0.3548402985074627,128.40395522388062
2 Chainz,46.24528301886792,2197.3656603773584,0.767339622641509,0.6477735849056603,-5.584245283018867,0.24003207547169805,0.18169396226415094,0.23296981132075473,0.4345075471698114,125.410358490566
Childish Gambino,46.19402985074627,2481.5101492537315,0.5773985074626866,0.5688462686567165,-9.850432835820895,0.13369552238805973,0.23224455223880586,0.1888283582089553,0.3894791044776118,116.84367164179108
John Mayer,45.891891891891895,2917.275945945946,0.5352612612612612,0.5435774774774775,-9.231234234234233,0.038693693693693694,0.3696069009009009,0.4609936936936937,0.4543603603603604,116.90445945945952
El Fantasma,45.7037037037037,1594.6477777777777,0.6804259259259259,0.5309629629629631,-5.2598518518518524,0.08320462962962961,0.5481388888888888,0.15253333333333338,0.8742129629629629,125.20008333333334
Flatbush Zombies,45.5,2705.4946428571425,0.7003928571428573,0.5668928571428571,-9.968035714285714,0.2944428571428572,0.1654582142857143,0.231225,0.40221428571428575,118.00099999999999
Moneybagg Yo,45.45614035087719,1698.242456140351,0.8169473684210524,0.6811228070175439,-5.901333333333332,0.2600421052631579,0.044041298245614036,0.16947543859649122,0.5102631578947368,137.6042105263158
Mother Mother,45.189189189189186,2230.713108108108,0.542054054054054,0.6848918918918923,-6.406945945945946,0.047631081081081085,0.1918952567567568,0.22276891891891887,0.4376905405405405,128.33005405405407
Nicki Minaj,44.857142857142854,2239.7590476190476,0.7407380952380954,0.6079285714285715,-6.782142857142855,0.17414761904761905,0.20870238095238094,0.17015238095238092,0.39273809523809516,120.62664285714287
AC/DC,44.83064516129032,2696.6957258064517,0.4678951612903227,0.8514758064516131,-4.801145161290322,0.06286370967741933,0.011088280483870965,0.4095903225806449,0.4949451612903227,119.92848387096772
Upchurch,44.743589743589745,1836.806282051282,0.7023589743589743,0.6748974358974359,-6.797294871794868,0.1228641025641026,0.16810707692307694,0.21744358974358974,0.43803461538461547,136.23616666666666
The Beatles,44.671875,1803.48515625,0.5052026041666668,0.5389270833333332,-9.770630208333335,0.05449218750000004,0.3035176765624999,0.2749937500000001,0.5634046875,122.87644791666669
Kesha,44.59493670886076,2164.4335443037976,0.6253797468354432,0.6903291139240507,-5.209291139240506,0.07904177215189874,0.13578938101265828,0.18497468354430383,0.5235569620253167,128.73322784810125
ScHoolboy Q,44.5945945945946,2423.726756756757,0.6825810810810811,0.7037432432432431,-6.878054054054056,0.24579324324324325,0.19686664864864867,0.20339324324324323,0.4534986486486485,116.89432432432433
"Tyler, The Creator",44.386138613861384,2096.0077227722772,0.4935940594059405,0.6338712871287129,-8.725089108910892,0.2573405940594059,0.26818113762376233,0.38821683168316823,0.36737524752475276,110.32881188118812
Tame Impala,44.17857142857143,2772.6553571428576,0.46194642857142865,0.7940535714285712,-5.5804285714285715,0.05396071428571429,0.13324260714285716,0.3092446428571428,0.4255678571428573,130.1875178571428
Lana Del Rey,44.05263157894737,2796.8150877192984,0.40394736842105267,0.4343578947368421,-9.63221052631579,0.042559649122807026,0.5750526315789473,0.1458122807017544,0.20693157894736844,113.29536842105263
Lil Xan,43.9,1677.545,0.7869999999999999,0.6841999999999999,-4.7578,0.13074000000000002,0.22322490000000003,0.14550000000000002,0.47230000000000005,134.3103
Lil Yachty,43.71844660194175,1806.840291262136,0.7784174757281556,0.5620388349514565,-6.664203883495147,0.22136504854368938,0.2237682718446602,0.16695728155339806,0.42539902912621347,129.53920388349516
The xx,43.69230769230769,2166.747307692308,0.5998076923076924,0.40230769230769226,-12.594000000000003,0.04716923076923077,0.6037384615384616,0.13243846153846156,0.26079230769230766,124.04726923076925
G-Eazy,43.37662337662338,2182.143246753247,0.6379350649350649,0.6484025974025971,-6.796805194805194,0.23958831168831174,0.15910798701298698,0.1858909090909091,0.3790246753246752,110.64824675324677
A Tribe Called Quest,42.913978494623656,2231.977741935484,0.8089892473118276,0.5725806451612905,-8.752150537634405,0.2796645161290323,0.16897032258064518,0.21159139784946235,0.6758494623655914,99.09578494623659
Kodak Black,42.83132530120482,2042.233734939759,0.7597228915662654,0.600253012048193,-6.126337349397589,0.2279783132530121,0.19806807228915668,0.1754289156626506,0.3925710843373494,132.22498795180726
Dan + Shay,42.8,1678.053777777778,0.5870222222222221,0.5737777777777779,-8.470244444444445,0.26422444444444443,0.41874177777777777,0.21878888888888884,0.6199777777777778,124.12277777777778
A$AP Ferg,42.796875,1898.81171875,0.7094062499999999,0.69890625,-5.869562500000001,0.23648593749999997,0.204734265625,0.2443687500000001,0.4289203125,125.25706250000003
Wiz Khalifa,42.734375,1953.0428125,0.782546875,0.627953125,-6.499218749999999,0.22708124999999998,0.1189865625,0.19956875,0.47050625,117.28234374999997
Summer Walker,42.72222222222222,1590.67,0.6106666666666668,0.37816666666666665,-9.07311111111111,0.13930277777777778,0.5416666666666666,0.15311111111111114,0.3471527777777778,114.2667777777778
Anderson .Paak,42.49230769230769,2289.52,0.6914461538461543,0.6401538461538461,-8.061784615384614,0.14776923076923074,0.06747404615384617,0.23484,0.5007999999999999,105.56915384615387
DJ Khaled,42.255319148936174,2429.7002127659575,0.5872340425531914,0.7272340425531918,-4.701191489361702,0.23765957446808514,0.13183659574468082,0.2706659574468085,0.4403191489361703,114.76953191489359
ZAYN,42.229166666666664,1975.7152083333335,0.5864583333333333,0.49425000000000013,-8.319854166666667,0.08453124999999999,0.39914520833333333,0.14468124999999996,0.34891666666666676,116.49079166666668
5 Seconds of Summer,42.083333333333336,2210.4486111111114,0.5286527777777779,0.8228055555555557,-4.537666666666668,0.08064027777777778,0.052056223472222225,0.2919750000000001,0.5027930555555556,136.280875
Vince Staples,41.9375,1633.9439583333335,0.7132708333333334,0.6298562499999999,-7.954895833333333,0.19877500000000003,0.21471937499999996,0.26648333333333335,0.4416145833333334,120.5528125
Quando Rondo,41.74603174603175,1732.0620634920635,0.6817460317460314,0.6693809523809522,-5.268492063492064,0.2740428571428571,0.27439301587301573,0.14934126984126983,0.5072476190476191,128.607619047619
AJR,41.62068965517241,2180.8224137931034,0.5729310344827587,0.559448275862069,-6.039793103448277,0.07349310344827586,0.23507724137931038,0.20585172413793104,0.4969310344827586,112.23220689655173
Demi Lovato,41.6,1943.158,0.572125,0.561,-8.192225000000004,0.27816499999999994,0.32203867500000005,0.29109499999999994,0.42405499999999996,114.64667499999999
Kygo,41.4375,2184.00875,0.6184999999999999,0.6349374999999998,-7.099895833333332,0.06836458333333335,0.2851916666666667,0.16141875000000003,0.3486541666666667,115.28827083333333
City Girls,41.357142857142854,1617.5092857142859,0.8117619047619048,0.6725476190476192,-5.935380952380951,0.20713809523809523,0.040327311904761916,0.16242857142857137,0.4101261904761904,116.75557142857144
Michael Jackson,41.340425531914896,2729.55829787234,0.696191489361702,0.6891063829787234,-7.315872340425535,0.15430851063829787,0.2559536170212765,0.23819893617021276,0.5681244680851065,109.7135212765957
Green Day,41.31578947368421,2039.096447368421,0.46272368421052623,0.875965789473684,-4.766842105263158,0.07914736842105262,0.06362651210526317,0.23985657894736837,0.6105302631578947,137.6872236842105
RY X,41.14705882352941,2997.170294117647,0.3686647058823529,0.27194411764705884,-15.334176470588234,0.03640882352941177,0.6899411764705883,0.30889705882352936,0.0764794117647059,110.7230294117647
Young Thug,41.0,2149.7064788732396,0.7905352112676058,0.5351830985915491,-8.559126760563377,0.25352816901408454,0.08019292957746481,0.17493239436619717,0.4449183098591549,131.43645070422534
Halsey,40.95652173913044,1982.594492753623,0.5279565217391303,0.6203043478260872,-6.831362318840582,0.0689289855072464,0.2989495797101451,0.35820724637681167,0.35,110.95920289855071
ILLENIUM,40.76923076923077,2362.805934065934,0.49312087912087893,0.7035978021978022,-5.381164835164838,0.08918681318681321,0.16191718681318684,0.21201428571428577,0.25863736263736264,132.62297802197804
Kevin Gates,40.72839506172839,1996.6235802469134,0.7323333333333333,0.6810493827160492,-5.561395061728397,0.2942604938271605,0.17621444444444448,0.22623703703703701,0.5210135802469135,127.30798765432098
Usher,40.69,2387.4103,0.6849699999999999,0.6072700000000001,-6.950929999999997,0.10028400000000001,0.15695105,0.17686300000000002,0.5201679999999999,116.43926999999998
Zion,40.53846153846154,2308.9030769230767,0.744,0.6896923076923078,-6.879461538461539,0.07453076923076923,0.23647692307692314,0.21568461538461536,0.6402307692307693,120.92123076923076
Chris Brown,40.08181818181818,2163.0453636363636,0.6292272727272729,0.6172090909090909,-6.279927272727272,0.11559181818181816,0.13537818181818184,0.14708818181818178,0.45703090909090927,119.1712727272727
Gucci Mane,39.926829268292686,1768.4984146341462,0.8321829268292682,0.5993292682926832,-6.177024390243902,0.19945975609756095,0.09274060975609755,0.17245487804878046,0.44060853658536575,130.9405731707317
Meek Mill,39.878787878787875,2255.349090909091,0.6471060606060605,0.689348484848485,-5.69839393939394,0.2759363636363636,0.1458961060606061,0.22300757575757577,0.40423636363636367,124.24840909090906
Ty Dolla $ign,39.785714285714285,1902.7972619047619,0.6807619047619048,0.5540952380952381,-8.082345238095238,0.13259166666666666,0.21059321428571426,0.2544940476190476,0.44224761904761906,119.10728571428574
Nipsey Hussle,39.49193548387097,2132.0773387096774,0.6124596774193547,0.7186774193548385,-7.128298387096774,0.28109193548387107,0.09783515322580642,0.26354999999999995,0.42162419354838704,109.12247580645156
Jason Aldean,39.39506172839506,1835.2353086419753,0.5375185185185186,0.7284938271604938,-6.23948148148148,0.12022962962962956,0.19129271604938272,0.22042962962962964,0.5838888888888889,138.92001234567897
Farruko,39.36974789915966,2225.2659663865547,0.6978487394957982,0.7579831932773107,-5.139907563025208,0.0941848739495798,0.18644848739495803,0.21865294117647052,0.6333949579831931,124.872974789916
Luke Bryan,39.36708860759494,2112.0379746835442,0.5624936708860765,0.8258354430379746,-4.162784810126581,0.0515873417721519,0.14802455696202532,0.1582227848101266,0.6258227848101265,130.43886075949368
Russ,39.348214285714285,1834.4341964285713,0.6740267857142853,0.6122107142857142,-7.13545535714286,0.25311785714285706,0.30969512499999985,0.14030714285714285,0.48202053571428566,122.09516071428574
Black Eyed Peas,39.280701754385966,2557.0594736842104,0.7656315789473684,0.6468771929824562,-7.4199298245614065,0.1470964912280702,0.12648099999999998,0.24445789473684218,0.5012807017543861,112.8164385964912
Gorillaz,39.1747572815534,2006.805436893204,0.5608349514563108,0.6929805825242715,-7.948611650485435,0.08898932038834952,0.2591985805825243,0.3654708737864075,0.5139485436893205,115.5044660194176
Andy Grammer,38.93181818181818,1978.0347727272726,0.6635454545454545,0.6393181818181818,-6.676068181818181,0.08355,0.1943809090909091,0.18442500000000003,0.4857818181818182,120.17634090909092
Vampire Weekend,38.84,1981.013,0.6217599999999998,0.58062,-7.838119999999998,0.08868999999999998,0.38510459999999996,0.170534,0.58924,128.61244000000002
Justin Timberlake,38.79090909090909,2763.6192727272723,0.5450936363636365,0.4726419090909091,-12.965436363636371,0.0846181818181818,0.38856043818181846,0.1901954545454545,0.434441818181818,107.79134545454541
Dua Lipa,38.69642857142857,1955.1641071428571,0.6969107142857143,0.6947499999999999,-6.312874999999999,0.08948750000000004,0.08371539285714288,0.18193214285714285,0.5824464285714285,112.25771428571431
A$AP Rocky,38.40384615384615,2254.2663461538464,0.6260192307692306,0.6312692307692307,-7.80101923076923,0.22357307692307693,0.2718340576923076,0.257328846153846,0.3694442307692307,122.89548076923074
Jhay Cortez,38.285714285714285,2351.2089285714287,0.7614642857142855,0.6671428571428573,-5.677535714285713,0.11459285714285714,0.17701107142857145,0.14531428571428573,0.5497142857142856,122.89771428571427
Hillsong UNITED,38.18518518518518,3294.2044444444446,0.37627160493827166,0.5712592592592589,-8.732876543209878,0.041904938271604936,0.21432496049382713,0.49638518518518526,0.16846790123456787,123.93397530864195
UPPERROOM,38.032786885245905,5504.6004918032795,0.3360327868852459,0.5249559016393444,-8.775032786885246,0.043029508196721314,0.263531475409836,0.11583934426229509,0.11367540983606556,132.46622950819668
Quavo,38.0,2083.6773529411767,0.8370588235294116,0.6313529411764706,-6.541999999999999,0.25635588235294127,0.1535944117647059,0.1649,0.4811117647058824,132.06599999999997
Paramore,38.0,2387.7576623376626,0.5118961038961037,0.8069610389610388,-5.36757142857143,0.07031948051948055,0.08535811999999997,0.3506623376623377,0.45735064935064956,132.01442857142857
G Herbo,37.84705882352941,2022.032588235294,0.6944823529411766,0.7358117647058822,-5.247082352941177,0.2986258823529412,0.13664248235294119,0.24295647058823527,0.46017058823529405,127.73279999999997
Pierce The Veil,37.62903225806452,2363.996612903226,0.4317096774193549,0.8805967741935483,-4.523354838709675,0.07885322580645165,0.025081748387096765,0.2327693548387096,0.34759677419354823,126.73793548387098
OneRepublic,37.588235294117645,2286.2464705882353,0.5368823529411764,0.6796764705882352,-6.8879705882352935,0.04822941176470589,0.21532505882352937,0.1777588235294118,0.3535235294117647,116.1755
Internet Money,37.56,1709.7178,0.7015399999999999,0.5608999999999998,-8.215340000000001,0.164788,0.17939158,0.116214,0.4996459999999999,128.11042000000006
Justin Quiles,37.44642857142857,1703.093214285714,0.6854464285714285,0.6116964285714285,-7.549464285714289,0.26541428571428577,0.3573892857142857,0.1480464285714286,0.6872339285714284,118.64433928571425
Rihanna,37.4,2170.25,0.5926399999999998,0.59688,-6.32668,0.063944,0.22273779999999999,0.16881200000000007,0.45575999999999994,120.25884
NLE Choppa,37.25,1768.7058333333334,0.7115833333333333,0.6509583333333332,-6.699604166666667,0.30354374999999995,0.16294583333333337,0.18461250000000004,0.4982729166666667,130.081625
Grupo Firme,37.19,2247.9031,0.55706,0.6618099999999998,-6.549859999999999,0.11014700000000001,0.4532449999999998,0.26610700000000004,0.6636200000000001,129.05189000000001
Xavier Omär,36.92307692307692,2080.756923076923,0.7141153846153846,0.42969230769230776,-9.173923076923078,0.1038923076923077,0.4347692307692308,0.23055,0.407376923076923,118.14846153846155
Migos,36.81318681318681,2439.5852747252748,0.8157692307692306,0.6429010989010991,-6.205549450549449,0.22015054945054946,0.1117663736263736,0.1761582417582418,0.3902483516483518,133.69362637362633
Kenny Chesney,36.808,2347.006,0.5796799999999999,0.643792,-8.025936000000002,0.12993119999999997,0.33984229599999993,0.3124815999999999,0.48746160000000016,125.06691200000003
Khalid,36.733333333333334,2099.016,0.6708666666666666,0.5001666666666666,-8.849266666666667,0.09319666666666665,0.3884233333333334,0.17202333333333333,0.4044333333333333,107.39940000000001
NAV,36.56603773584906,1711.9884905660376,0.8392452830188681,0.6122452830188679,-6.597603773584906,0.21574339622641517,0.1860541509433962,0.17254716981132073,0.4944905660377361,129.881641509434
Linkin Park,36.24183006535948,2210.5145751633986,0.5198300653594775,0.7802398692810456,-6.448934640522877,0.13072156862745096,0.21732507529411763,0.3430183006535946,0.38613267973856236,120.3229934640523
Simon & Garfunkel,36.17142857142857,1930.96,0.420192857142857,0.4156757142857144,-15.177178571428573,0.09327642857142858,0.6851712857142854,0.5498785714285709,0.4430957142857143,108.32863571428572
Rick Ross,36.16949152542373,2685.8686440677966,0.5716610169491525,0.7306610169491525,-5.414966101694916,0.27106949152542376,0.09309240677966099,0.31817796610169485,0.3815576271186441,115.04279661016953
PnB Rock,36.166666666666664,1920.2138888888887,0.7093703703703703,0.6500740740740738,-5.879129629629631,0.1494055555555555,0.17493888888888887,0.15935,0.4177722222222222,127.49083333333334
Zacari,36.111111111111114,1770.8177777777778,0.604,0.62,-8.130111111111113,0.17005555555555554,0.29575555555555555,0.17092222222222225,0.4438888888888888,126.92155555555554
Zac Brown Band,35.924050632911396,2597.360253164557,0.5353291139240507,0.669101265822785,-6.339797468354429,0.05420379746835443,0.22097022784810127,0.3691556962025317,0.4856075949367087,133.3660506329114
Hollywood Undead,35.61702127659574,2177.1910638297873,0.5436595744680852,0.8942127659574469,-4.71348936170213,0.14386170212765964,0.02287902340425532,0.2590106382978724,0.4899340425531915,143.9977872340425
Five Finger Death Punch,35.46875,2148.42484375,0.496328125,0.9423281249999998,-4.4568125,0.08993906250000003,0.009691786250000002,0.20490000000000003,0.4089218750000001,128.91512500000002
Pink Floyd,35.3134328358209,3325.1989552238806,0.34756119402985075,0.4874410447761195,-14.332238805970155,0.05117164179104475,0.23848935074626873,0.5797253731343285,0.23412611940298514,115.72591791044775
Queen,35.1588785046729,2279.2855140186916,0.33981308411214967,0.7817757009345795,-8.038953271028037,0.11775514018691591,0.22137158504672896,0.5599514018691588,0.3136616822429907,120.25145794392526
John Legend,35.08571428571429,2348.918285714286,0.5203809523809525,0.5788380952380955,-7.1550095238095235,0.08309999999999998,0.41125495238095233,0.22102571428571424,0.4612752380952382,110.52949523809522
Jeremih,35.0,2226.5054166666664,0.7231041666666665,0.4795833333333334,-7.811687500000001,0.16348958333333338,0.289739375,0.15896874999999996,0.397325,121.3958541666667
SOB X RBE,34.58,1854.4732000000001,0.80538,0.6731600000000002,-7.3064399999999985,0.28899800000000003,0.06375988,0.18175599999999995,0.5234380000000002,108.07977999999999
P!nk,34.55769230769231,2295.7386538461537,0.5694807692307691,0.6572115384615385,-5.7095,0.08519038461538463,0.2170826615384615,0.17149423076923073,0.47354423076923086,119.65221153846151
Xavier Wulf,34.506024096385545,1472.605903614458,0.7864216867469881,0.5022132530120481,-10.864481927710841,0.17845662650602406,0.21611867469879514,0.14103253012048192,0.36419879518072296,130.74944578313256
Harris Heller,34.49794238683128,1392.3459670781895,0.6235843621399177,0.5956625514403289,-10.823818930041154,0.08326831275720165,0.3024017201646092,0.1815765432098765,0.3732670781893002,125.73367489711929
Florida Georgia Line,34.47933884297521,1595.0129752066114,0.5841983471074378,0.6510743801652894,-6.877826446280992,0.28809421487603293,0.4587906280991738,0.22316033057851237,0.6408760330578516,127.75698347107439
Vitamin String Quartet,34.385714285714286,2070.089857142857,0.4895142857142858,0.21617142857142854,-13.076257142857145,0.043268571428571434,0.8090142857142858,0.1604342857142857,0.5382699999999998,121.01237142857146
"",34.10752688172043,1839.7744206008583,0.6063736051502151,0.5960167381974243,-8.89032081545065,0.16708798283261814,0.30803873658798303,0.21248208154506487,0.48148830472103055,121.27776287553638
Jon Z,34.07692307692308,2033.6065384615385,0.7825576923076922,0.7018653846153847,-5.787615384615385,0.19235384615384618,0.288545,0.20736538461538453,0.5586153846153846,132.2052692307692
Marc E. Bassy,33.95744680851064,1879.4153191489363,0.6535319148936172,0.5562765957446807,-7.315851063829788,0.14560212765957448,0.2418082978723405,0.20032127659574467,0.46245106382978735,113.254
A L E X,33.80769230769231,1514.8539743589745,0.6728871794871797,0.23291282051282053,-17.301089743589745,0.07282564102564104,0.7520000000000001,0.12456410256410255,0.31548717948717936,130.53243589743587
Unknown Mortal Orchestra,33.41818181818182,2306.0645454545456,0.6412727272727273,0.6173927272727272,-8.170327272727272,0.09625272727272728,0.38009285454545455,0.18462545454545454,0.5494454545454545,114.54318181818182
Queens of the Stone Age,32.845238095238095,2852.5363095238095,0.391607142857143,0.8500357142857143,-5.093440476190476,0.0905654761904762,0.172387011904762,0.476029761904762,0.36308452380952383,132.3060238095238
Bob Marley & The Wailers,32.56,2951.67344,0.6715919999999997,0.6351120000000001,-8.937455999999996,0.13812639999999995,0.20866942800000002,0.43803759999999997,0.6876560000000003,125.272968
Alicia Keys,32.44444444444444,2324.4011111111113,0.5433194444444445,0.5049041666666667,-8.649069444444446,0.14672361111111112,0.3866456944444446,0.27313472222222224,0.4022416666666665,110.34362500000003
Nicky Jam,32.35042735042735,1921.929829059829,0.7534615384615385,0.7454786324786324,-5.820863247863251,0.1273709401709402,0.2071128034188033,0.15030085470085475,0.6978034188034188,117.65165811965812
Fall Out Boy,32.32608695652174,2182.2669565217393,0.5565434782608696,0.8642826086956525,-4.3530434782608705,0.08317826086956524,0.027824839130434778,0.27037608695652166,0.5155434782608698,135.29806521739138
Charli XCX,32.11864406779661,2101.6169491525425,0.6221525423728815,0.7212203389830508,-4.987152542372883,0.10254915254237289,0.13753732203389832,0.20088474576271184,0.4665372881355933,126.03444067796607
Zendaya,32.0,2139.3314285714287,0.6015714285714286,0.7892857142857144,-5.987285714285714,0.08621428571428572,0.14567857142857146,0.16101428571428572,0.6647142857142857,117.793
French Montana,31.78787878787879,2072.8533333333335,0.6317575757575757,0.6667575757575758,-6.504121212121213,0.23150303030303024,0.16561852525252532,0.23979696969696962,0.4580747474747474,123.76869696969702
X Ambassadors,31.714285714285715,1730.4948571428572,0.5076571428571428,0.6530285714285715,-8.54865714285714,0.20903142857142856,0.2626796285714285,0.27003142857142853,0.42898857142857144,112.69034285714284
Keith Urban,31.708333333333332,2196.3727777777776,0.6123055555555558,0.7234305555555557,-6.3288055555555545,0.06038611111111111,0.20058365277777782,0.18364444444444447,0.5755041666666665,114.36038888888889
Daddy Yankee,31.635135135135137,1838.877837837838,0.7035945945945946,0.7502702702702703,-7.249121621621624,0.17588648648648653,0.35510405405405393,0.3438648648648647,0.6540945945945946,121.31855405405403
Craig Xen,31.54054054054054,1334.591891891892,0.7494324324324327,0.5428108108108108,-8.070324324324321,0.26430540540540537,0.23337247081081083,0.2061324324324324,0.35561891891891895,129.5058648648649
Lil Nas X,31.5,2040.27,0.767,0.771,-9.106,0.0578,0.00411,0.111,0.296,140.037
Leslie Odom Jr.,31.194444444444443,1938.965,0.4702777777777777,0.36660833333333337,-11.19775,0.05449444444444445,0.6754805555555555,0.1625777777777778,0.37348055555555554,120.5795
Fleetwood Mac,31.0,2702.7549268292682,0.5556048780487804,0.6351868292682924,-9.377604878048782,0.04576000000000004,0.3123461063414633,0.3313,0.6236282926829271,123.46235609756101
Whitney Houston,30.62162162162162,2883.6674774774774,0.5272162162162161,0.6046432432432434,-8.882495495495496,0.07329369369369369,0.38498514414414386,0.44580900900900894,0.4000081081081081,115.49690990990993
Chloe x Halle,29.98181818181818,1357.7501818181818,0.6016909090909089,0.42610727272727267,-12.673090909090906,0.2561018181818182,0.4647109090909091,0.2294836363636363,0.4837272727272728,120.83418181818183
Led Zeppelin,29.88235294117647,3572.5990196078433,0.39158169934640524,0.7301960784313727,-9.914790849673203,0.06858758169934638,0.17548846954248368,0.4025777777777778,0.4921575163398692,120.70334640522877
Curren$y,29.83076923076923,1662.4469230769232,0.5634461538461539,0.6930153846153844,-7.524723076923077,0.27195076923076916,0.23513390769230783,0.27597076923076935,0.47919230769230764,110.92741538461537
Diplo,29.76,1775.0412,0.49207200000000006,0.5228400000000001,-10.04404,0.045044000000000015,0.35640040000000006,0.17522399999999994,0.23130000000000003,110.9034
Fetty Wap,29.578125,1929.85046875,0.74475,0.6438125,-5.851609374999999,0.16498749999999998,0.21146828124999997,0.16986875000000007,0.5384296875000001,134.330125
Monsta X,29.413793103448278,1928.7574137931035,0.6652758620689656,0.7898793103448277,-4.171896551724139,0.14347586206896543,0.15745689655172412,0.17295172413793108,0.5437586206896552,124.00836206896554
Original Broadway Cast of Hamilton,28.717391304347824,1865.9032608695652,0.6361086956521738,0.28748043478260865,-14.171282608695655,0.1068804347826087,0.25698963043478257,0.12990652173913042,0.20365652173913035,120.68841304347829
Quadeca,28.553571428571427,1834.0410714285713,0.6579107142857143,0.5532321428571427,-9.14189285714286,0.21079821428571427,0.33189821428571425,0.18258392857142855,0.3846642857142858,120.78292857142856
Lil Wayne,28.510204081632654,2106.546326530612,0.7059591836734692,0.63735306122449,-6.548061224489795,0.32827857142857136,0.20412755102040814,0.23261224489795915,0.5635377551020408,120.23593877551023
Florence + The Machine,28.46511627906977,2611.284651162791,0.45553488372093015,0.5450883720930231,-8.575116279069766,0.05063953488372094,0.4842121395348836,0.3943976744186046,0.288146511627907,117.16502325581396
Vance Joy,28.45,2361.8838333333333,0.5444666666666667,0.6202333333333334,-7.008083333333331,0.055038333333333335,0.3658613666666666,0.46697166666666645,0.33165499999999987,116.33698333333332
Brooks & Dunn,27.678260869565218,2186.866434782609,0.5779826086956521,0.7312695652173918,-5.9354782608695675,0.04254956521739129,0.18240316521739136,0.22313652173913046,0.550438260869565,120.23889565217391
Hans Zimmer,27.630252100840337,2122.333193277311,0.26526974789915975,0.2464078991596639,-19.172680672268903,0.042678151260504185,0.5947210504201681,0.13758151260504203,0.08251512605042019,110.57668907563033
Selena Gomez,27.5,2096.214347826087,0.6727391304347826,0.697782608695652,-5.861521739130436,0.0971717391304348,0.1457308695652174,0.18933695652173912,0.48986521739130434,117.18404347826086
E-40,27.391304347826086,1869.7452173913043,0.8198985507246378,0.716333333333333,-5.564260869565217,0.3102797101449275,0.16981521739130434,0.17892318840579707,0.47458985507246393,102.6477536231884
Allie X,27.35483870967742,2137.4374193548388,0.5623870967741934,0.6651451612903225,-6.747951612903224,0.05795645161290322,0.163783064516129,0.23105483870967738,0.4249112903225806,113.90903225806454
The Head And The Heart,27.32758620689655,2399.939827586207,0.4766034482758621,0.501293103448276,-8.995310344827587,0.03361206896551723,0.3368565172413793,0.16679137931034485,0.36853103448275876,114.27987931034482
Wisin & Yandel,27.21505376344086,2114.090752688172,0.6892150537634408,0.7906451612903225,-6.680365591397848,0.15100000000000002,0.1896526021505376,0.3760946236559141,0.5378602150537636,110.18863440860223
Pitbull,27.21311475409836,1974.3565573770493,0.6111311475409836,0.7013160655737707,-7.052540983606557,0.10494918032786882,0.2011390819672131,0.2339540983606558,0.5241327868852458,119.37216393442621
Billy Joel,27.11801242236025,2640.299192546584,0.4736149068322981,0.7252863354037268,-7.921819875776402,0.15082049689441002,0.3302723664596273,0.6613602484472045,0.45947826086956506,115.66681366459629
Qumu,26.704761904761906,1835.427238095238,0.6232000000000003,0.503542857142857,-12.964295238095243,0.0658857142857143,0.22695814952380963,0.13169904761904763,0.5344676190476191,127.7276761904762
U2,26.614583333333332,2912.910416666667,0.5348124999999998,0.6696145833333332,-8.189697916666669,0.04658125,0.18046261250000004,0.3238364583333333,0.4161135416666666,125.7859270833333
Ice Cube,26.238636363636363,1977.8288636363636,0.6844659090909091,0.7816590909090906,-5.4268863636363625,0.3115545454545454,0.16698257954545462,0.3811568181818181,0.5375863636363637,109.9942954545455
Zara Larsson,25.736842105263158,1999.0976315789476,0.6111052631578945,0.6291315789473686,-5.599342105263158,0.07476842105263157,0.21249078947368422,0.16490263157894738,0.43184473684210517,118.59771052631578
Doja Cat,25.655172413793103,2072.8344827586207,0.7339310344827588,0.6468620689655175,-5.834344827586206,0.09928965517241382,0.19853034482758622,0.138548275862069,0.43875862068965527,125.56106896551725
ZHU,25.40625,2591.4515625,0.7446249999999999,0.60371875,-8.546249999999999,0.1058,0.12913437500000005,0.17563125000000002,0.34812812499999995,119.75228125000001
Tom Petty and the Heartbreakers,24.96825396825397,2375.181587301587,0.5351666666666665,0.6671428571428568,-7.31381746031746,0.03533571428571428,0.1568704546825396,0.31464920634920635,0.5517428571428573,118.79615079365074
Steven Universe,24.33,1095.4563666666668,0.47319833333333394,0.3683409999999999,-15.327403333333326,0.07180166666666668,0.41745563299999977,0.15704466666666667,0.25454066666666664,123.0111266666668
Pharrell Williams,23.73913043478261,2559.455434782609,0.7241956521739131,0.6898478260869564,-7.515130434782608,0.13909130434782604,0.13920456521739133,0.1706913043478261,0.6936304347826087,113.41113043478259
Vicente Fernández,23.53846153846154,2008.0090598290597,0.4686239316239314,0.46832478632478636,-7.089478632478632,0.036917948717948706,0.5346068376068375,0.41606153846153854,0.5669572649572652,118.85608547008546
James Arthur,23.48936170212766,2170.802978723404,0.49917021276595736,0.6247872340425533,-6.042808510638301,0.0773659574468085,0.3570118510638299,0.14281276595744682,0.4136170212765958,119.8785319148936
Rich Homie Quan,23.450704225352112,2020.3674647887324,0.6825211267605634,0.562070422535211,-7.866676056338029,0.19884788732394362,0.14110239436619723,0.1843915492957747,0.4137985915492958,128.65607042253512
Static-X,23.272727272727273,2011.9945454545457,0.557961038961039,0.9484025974025978,-4.859506493506495,0.08707792207792209,0.0027974202597402615,0.34538961038961036,0.4148857142857144,135.59616883116885
George Strait,23.233766233766232,2094.302077922078,0.5647662337662335,0.6143766233766234,-7.503038961038963,0.03519935064935064,0.40763571428571416,0.2644487012987011,0.5003616883116883,123.94266883116882
Calvin Harris,22.862745098039216,2148.7760784313728,0.6723333333333333,0.8081960784313725,-4.427411764705883,0.06649607843137254,0.18180576470588236,0.24235882352941174,0.5368058823529412,120.44496078431374
T-Pain,22.74025974025974,2196.5409090909093,0.6445064935064936,0.613844155844156,-6.669558441558441,0.1610727272727273,0.09626979220779218,0.189212987012987,0.42694545454545463,115.47718181818188
Van Halen,22.523809523809526,3022.798,0.3950666666666667,0.8069000000000001,-8.481142857142855,0.06519142857142858,0.058379847904761945,0.5525295238095239,0.37586571428571425,121.13440952380955
Zedd,22.22222222222222,2671.9258333333332,0.598388888888889,0.7913888888888887,-4.4280833333333325,0.048674999999999996,0.07384541666666668,0.18258888888888897,0.33447777777777776,128.36175
Xscape,21.93548387096774,2224.2109677419353,0.7348064516129033,0.4730967741935484,-10.17083870967742,0.08718709677419356,0.16884741935483874,0.172958064516129,0.5491193548387096,109.12829032258063
Nirvana,21.897959183673468,2238.226598639456,0.39340816326530603,0.8039319727891158,-6.947721088435372,0.07497891156462584,0.14119143367346937,0.41766054421768706,0.3433496598639455,128.6605034013606
Q-Tip,21.103448275862068,2327.2924137931036,0.8039999999999998,0.5378620689655172,-7.357034482758619,0.17045172413793105,0.1685482758620689,0.14935172413793102,0.6262310344827584,98.42682758620688
Frank Sinatra,21.051724137931036,1873.7880172413795,0.39456465517241335,0.33328922413793083,-11.840258620689655,0.1078185344827586,0.7797068965517235,0.38378275862068995,0.38801767241379304,111.7764094827586
The Used,20.72093023255814,2503.974186046512,0.453393023255814,0.7988720930232559,-6.60320930232558,0.11071279069767444,0.09352149767441859,0.276056976744186,0.3479186046511628,129.99994186046513
Queen Naija,20.633333333333333,863.9136666666667,0.6586666666666667,0.5013666666666668,-8.262566666666666,0.3632333333333334,0.40785000000000005,0.1283466666666667,0.5491633333333332,116.67863333333335
Zion & Lennox,20.095238095238095,2289.6979365079364,0.7296349206349206,0.8191587301587302,-5.324174603174604,0.08304285714285713,0.12186973015873019,0.2126190476190477,0.6371428571428573,111.2716031746032
Rob Zombie,19.459183673469386,1928.5280612244899,0.523551020408163,0.8263775510204083,-7.548224489795921,0.19175306122448982,0.13504232469387759,0.48807346938775514,0.39117653061224494,117.90907142857141
Quality Control,18.166666666666668,1891.9996666666668,0.85725,0.6092500000000001,-6.1898166666666645,0.238775,0.12574795,0.1378916666666667,0.42171666666666674,134.41238333333334
Xzibit,17.93243243243243,2290.1286486486483,0.6390675675675677,0.7431891891891893,-6.281256756756756,0.35778378378378384,0.10910243783783785,0.22881621621621617,0.5534297297297298,105.84175675675674
Bryce Vine,17.85,1826.4165,0.5752999999999999,0.7151500000000002,-6.17255,0.09937499999999998,0.21047805,0.20226000000000002,0.5327500000000001,119.0334
RAC,17.23076923076923,2080.1524615384615,0.6197846153846153,0.5759623076923078,-8.392953846153848,0.046560000000000025,0.39509153846153844,0.15658461538461538,0.4261,117.5027230769231
Uncle Kracker,16.555555555555557,2316.4912962962962,0.6268148148148147,0.7307037037037035,-5.136277777777777,0.05584074074074075,0.1809894259259259,0.19289999999999996,0.7082962962962961,129.3377777777778
Van Morrison,16.072847682119207,2471.1344370860925,0.5726225165562914,0.5231258278145695,-10.331708609271521,0.06035496688741722,0.4588194814569537,0.26168278145695356,0.5896953642384106,120.85506622516553
Carrie Underwood,15.114942528735632,1993.691379310345,0.5153333333333333,0.6126666666666667,-5.524620689655172,0.1927551724137931,0.3833296551724137,0.1565344827586207,0.413106896551724,121.9622528735632
Maroon 5,13.961538461538462,2440.4073076923078,0.6582884615384615,0.6955384615384615,-5.857480769230767,0.06023269230769231,0.1663724615384615,0.23114615384615386,0.45840000000000003,114.19121153846156
Ja Rule,13.666666666666666,2205.4835416666665,0.6726041666666668,0.6357083333333334,-8.010270833333335,0.34803750000000006,0.20299916666666673,0.2434166666666667,0.5726666666666664,103.14183333333335
Elton John,12.333333333333334,2275.538115942029,0.5967584541062799,0.3857777777777776,-15.064159420289856,0.47796714975845406,0.5824161352657007,0.2209265700483091,0.5169468599033816,109.56152173913036
Daryl Hall & John Oates,11.054545454545455,2817.7488181818185,0.532190909090909,0.592948181818182,-10.545890909090918,0.05593363636363637,0.40853868181818165,0.32000545454545454,0.6206163636363636,126.36104545454548
"Earth, Wind & Fire",10.261194029850746,2160.072462686567,0.6293358208955225,0.7626268656716421,-9.175738805970154,0.060836567164179095,0.23955458955223877,0.41140820895522373,0.6469455223880597,119.49285074626856
Beto Quintanilla,9.963503649635037,1991.331386861314,0.7049051094890513,0.5707664233576643,-8.553547445255479,0.1079248175182482,0.40062583941605845,0.2290124087591241,0.8362700729927004,121.27091970802915
Ivy Queen,6.451612903225806,2281.414516129032,0.7609999999999999,0.7721612903225805,-4.87064516129032,0.1091258064516129,0.32524516129032255,0.14385483870967744,0.7506451612903227,125.728
Quiet Riot,4.7478991596638656,2918.9232773109247,0.4333529411764707,0.8843277310924372,-6.728478991596634,0.08468235294117647,0.023398976470588233,0.38372941176470576,0.4274142857142858,122.65110924369746
Voskresenie,4.712765957446808,2690.242150537634,0.5681935483870968,0.5008387096774193,-11.144569892473115,0.0564505376344086,0.3414509677419354,0.44379569892473136,0.5023978494623655,115.81697849462365
Giveon,0.0,1672.6818181818182,0.5313636363636364,0.412,-10.104454545454544,0.13179999999999997,0.5353636363636365,0.41818181818181815,0.36154545454545456,117.82600000000002
